TIERS,PLAYER NAME,TEAM,RK,POS,BEST,WORST,AVG.,STD.DEV
1,Christian McCaffrey,CAR,1,RB1,1,3,1.1,0.3
1,Dalvin Cook,MIN,2,RB2,1,7,2.6,0.8
1,Alvin Kamara,NO,3,RB3,2,10,3,1.4
1,Davante Adams,GB,4,WR1,5,12,6.1,2.1
1,Ezekiel Elliott,DAL,5,RB4,2,22,7.1,4
1,Derrick Henry,TEN,6,RB5,2,27,7.9,6
1,Austin Ekeler,LAC,7,RB6,3,28,8,3.9
1,Aaron Jones,GB,8,RB7,3,23,8.5,4.2
2,Tyreek Hill,KC,9,WR2,8,25,10.3,2.5
2,Stefon Diggs,BUF,10,WR3,5,17,10.9,2.2
2,Saquon Barkley,NYG,11,RB8,2,34,12.1,6.7
2,DeAndre Hopkins,ARI,12,WR4,5,24,12.6,2.6
2,Calvin Ridley,ATL,13,WR5,5,25,13.4,2.9
2,Travis Kelce,KC,14,TE1,5,18,16.2,2.4
2,Jonathan Taylor,IND,15,RB9,4,40,17.6,8.3
3,Justin Jefferson,MIN,16,WR6,11,33,18.9,4.9
3,Nick Chubb,CLE,17,RB10,4,44,19.4,8
3,Antonio Gibson,WAS,18,RB11,3,42,19.6,6.4
3,D.K. Metcalf,SEA,19,WR7,12,36,20.1,5.6
3,Darren Waller,LV,20,TE2,16,30,20.1,3.5
3,A.J. Brown,TEN,21,WR8,5,39,21.5,6.3
3,Keenan Allen,LAC,22,WR9,11,46,21.8,5.9
3,Joe Mixon,CIN,23,RB12,8,57,23.8,8.3
3,Allen Robinson II,CHI,24,WR10,13,36,24.7,4.7
3,Najee Harris,PIT,25,RB13,4,65,22.6,7.9
3,Patrick Mahomes II,KC,26,QB1,19,56,26.7,11.5
3,George Kittle,SF,27,TE3,18,53,27.3,8.1
3,Terry McLaurin,WAS,28,WR11,16,41,27.8,4.3
3,Clyde Edwards-Helaire,KC,29,RB14,8,57,28.4,8.5
3,CeeDee Lamb,DAL,30,WR12,12,65,31.3,7.3
3,D'Andre Swift,DET,31,RB15,8,89,33.9,11.6
3,Robert Woods,LAR,32,WR13,20,50,34,5.6
4,Amari Cooper,DAL,33,WR14,24,50,35.1,5
4,Chris Carson,SEA,34,RB16,21,59,37,7
4,Chris Godwin,TB,35,WR15,24,64,37,6.3
4,David Montgomery,CHI,36,RB17,20,71,37.6,9.1
4,Mike Evans,TB,37,WR16,24,67,39.5,6.8
4,Cooper Kupp,LAR,38,WR17,25,84,39.8,8
4,James Robinson,JAC,39,RB18,10,119,40.8,13.1
4,Josh Allen,BUF,40,QB2,19,61,41,10.3
4,D.J. Moore,CAR,41,WR18,30,86,41.4,8.8
4,Tyler Lockett,SEA,42,WR19,28,72,41.8,8
4,Diontae Johnson,PIT,43,WR20,25,75,41.8,8.9
4,Julio Jones,TEN,44,WR21,25,116,43.4,11.2
4,Miles Sanders,PHI,45,RB19,27,76,47.2,10.1
4,Kyler Murray,ARI,46,QB3,19,70,51,10.5
4,Josh Jacobs,LV,47,RB20,34,80,51.9,8.3
4,Tee Higgins,CIN,48,WR22,28,86,52,11.7
4,Adam Thielen,MIN,49,WR23,33,88,52.3,10.9
4,Mark Andrews,BAL,50,TE4,26,92,53.8,9
5,T.J. Hockenson,DET,51,TE5,26,94,54.1,10.8
5,Mike Davis,ATL,52,RB21,26,85,54.1,10.5
5,Lamar Jackson,BAL,53,QB4,19,93,55.5,10.9
5,Kyle Pitts,ATL,54,TE6,26,94,55.6,13.5
5,Brandon Aiyuk,SF,55,WR24,36,157,57.1,13.8
5,Darrell Henderson,LAR,56,RB22,31,132,58.6,15.8
5,Myles Gaskin,MIA,57,RB23,27,115,59.8,14.9
5,Kareem Hunt,CLE,58,RB24,34,89,60.3,10.6
5,Gus Edwards,BAL,59,RB25,28,149,60.9,20.8
5,Dak Prescott,DAL,60,QB5,38,95,62.3,9.9
5,Chase Claypool,PIT,61,WR25,37,148,65.9,14.7
5,Jerry Jeudy,DEN,62,WR26,33,109,66,15.6
5,Odell Beckham Jr.,CLE,63,WR27,41,143,67,15.2
5,JuJu Smith-Schuster,PIT,64,WR28,41,140,67.5,16.8
5,Chase Edmonds,ARI,65,RB26,32,115,68.3,14.1
5,Russell Wilson,SEA,66,QB6,38,103,68.9,8.8
5,Damien Harris,NE,67,RB27,42,130,69.7,16.3
5,Tyler Boyd,CIN,68,WR29,45,111,70.7,13.3
5,Kenny Golladay,NYG,69,WR30,36,129,71.8,16.5
5,Aaron Rodgers,GB,70,QB7,54,105,72.1,10.3
5,Robby Anderson,CAR,71,WR31,33,156,68.4,16.5
5,Courtland Sutton,DEN,72,WR32,45,125,74.2,13.3
5,Ja'Marr Chase,CIN,73,WR33,39,148,70.8,15.4
5,Javonte Williams,DEN,74,RB28,20,130,72,17.3
5,Justin Herbert,LAC,75,QB8,52,95,76.4,9.1
6,Raheem Mostert,SF,76,RB29,44,134,82.2,17.4
6,Deebo Samuel,SF,77,WR34,38,160,82.3,18.5
6,Brandin Cooks,HOU,78,WR35,45,183,82.5,18.8
6,Noah Fant,DEN,79,TE7,53,132,84,15.6
6,Logan Thomas,WAS,80,TE8,46,139,85,20.5
6,Corey Davis,NYJ,81,WR36,50,183,85.5,21.8
6,Tom Brady,TB,82,QB9,54,114,88.1,11.6
6,Laviska Shenault Jr.,JAC,83,WR37,49,293,89.7,25.8
6,Melvin Gordon III,DEN,84,RB30,47,182,90,18.3
6,Ryan Tannehill,TEN,85,QB10,53,115,90.2,9.9
6,Will Fuller V,MIA,86,WR38,50,203,93.2,20.6
6,Antonio Brown,TB,87,WR39,37,196,90.3,23.4
6,Trey Sermon,SF,88,RB31,42,310,90.6,29.2
6,Jalen Hurts,PHI,89,QB11,56,154,94.5,13.6
6,D.J. Chark Jr.,JAC,90,WR40,45,309,95,29.7
6,DeVonta Smith,PHI,91,WR41,33,169,92.3,21.3
6,Jarvis Landry,CLE,92,WR42,48,174,96,18
6,Matthew Stafford,LAR,93,QB12,70,131,97.9,9.9
6,Ronald Jones II,TB,94,RB32,47,181,98.1,20.3
6,Dallas Goedert,PHI,95,TE9,53,163,98.6,20.1
6,Robert Tonyan,GB,96,TE10,63,166,99.8,17.8
6,Michael Carter,NYJ,97,RB33,55,187,98.7,22.4
6,Kenyan Drake,LV,98,RB34,59,255,104,21.5
6,Tyler Higbee,LAR,99,TE11,63,246,101.3,24.8
6,James Conner,ARI,100,RB35,60,205,105,19.9
6,Zack Moss,BUF,101,RB36,65,181,105.6,19.5
6,Curtis Samuel,WAS,102,WR43,55,244,106.2,23.6
6,Nyheim Hines,IND,103,RB37,71,170,106.8,21.2
6,Joe Burrow,CIN,104,QB13,68,163,108.3,12.3
6,Jamaal Williams,DET,105,RB38,80,168,110.5,18.7
6,Mike Gesicki,MIA,106,TE12,63,142,110.7,17.2
6,Mike Williams,LAC,107,WR44,67,218,108.4,22.5
6,Michael Gallup,DAL,108,WR45,72,216,112,21.1
7,Marvin Jones Jr.,JAC,109,WR46,60,186,113,22.9
7,Leonard Fournette,TB,110,RB39,76,187,113.1,20.9
7,Michael Pittman Jr.,IND,111,WR47,73,196,113.7,26.3
7,AJ Dillon,GB,112,RB40,76,186,114.9,20.1
7,Jonnu Smith,NE,113,TE13,63,180,116.5,20.2
7,Devin Singletary,BUF,114,RB41,67,188,116.7,16.5
7,Marquez Callaway,NO,115,WR48,65,198,119.9,29.9
7,Matt Ryan,ATL,116,QB14,66,224,122.2,18.7
7,Tony Pollard,DAL,117,RB42,71,200,120.4,18.9
7,Trevor Lawrence,JAC,118,QB15,90,197,124.8,20.5
7,Michael Thomas,NO,119,WR49,21,271,121.6,41.1
7,Jaylen Waddle,MIA,120,WR50,55,293,122.3,31.3
7,Darnell Mooney,CHI,121,WR51,73,208,122.5,25.6
7,David Johnson,HOU,122,RB43,66,256,123.1,30.6
7,Kirk Cousins,MIN,123,QB16,95,178,127.1,18.3
7,James White,NE,124,RB44,71,259,125.1,25.8
7,J.D. McKissic,WAS,125,RB45,80,197,128.4,24.9
7,DeVante Parker,MIA,126,WR52,73,205,132,28.3
7,Marquise Brown,BAL,127,WR53,88,229,133.8,27.5
7,Tua Tagovailoa,MIA,128,QB17,95,242,139.9,28.3
7,Baker Mayfield,CLE,129,QB18,114,252,142.1,25.4
7,Evan Engram,NYG,130,TE14,69,255,133.8,25.2
7,Phillip Lindsay,HOU,131,RB46,85,245,137.7,28.3
7,Hunter Henry,NE,132,TE15,92,255,142.8,26.4
7,Rob Gronkowski,TB,133,TE16,69,258,147.2,28.3
7,Russell Gage,ATL,134,WR54,72,271,147,34.2
7,Giovani Bernard,TB,135,RB47,80,289,144.8,33.5
7,Sony Michel,LAR,136,RB48,60,310,138.3,39.5
7,Gerald Everett,SEA,137,TE17,87,258,148.7,32.3
7,Jakobi Meyers,NE,138,WR55,64,271,142.5,44.8
7,Elijah Moore,NYJ,139,WR56,74,292,142.8,40.7
7,Ryan Fitzpatrick,WAS,140,QB19,105,284,150.1,31.8
7,Ben Roethlisberger,PIT,141,QB20,105,284,150.9,31.6
7,Mecole Hardman,KC,142,WR57,82,223,150.9,30.9
7,Cole Beasley,BUF,143,WR58,67,227,148.9,34.9
8,Cole Kmet,CHI,144,TE18,94,258,152.9,31.1
8,Henry Ruggs III,LV,145,WR59,82,234,156.2,29.4
8,Justin Fields,CHI,146,QB21,95,329,160.2,45.3
8,Austin Hooper,CLE,147,TE19,78,267,160.8,32.3
8,Alexander Mattison,MIN,148,RB49,98,245,157.8,23.5
8,Sterling Shepard,NYG,149,WR60,90,244,157.7,32.9
8,Nelson Agholor,NE,150,WR61,99,295,165.9,34
8,Blake Jarwin,DAL,151,TE20,108,267,161.8,28.9
8,Derek Carr,LV,152,QB22,110,275,166.2,33
8,Jared Cook,LAC,153,TE21,91,294,163.7,35.4
8,Los Angeles Rams,LAR,154,DST1,137,284,149.2,18.4
8,Latavius Murray,NO,155,RB50,100,277,160.4,40.6
8,Pittsburgh Steelers,PIT,156,DST2,132,278,150.7,19.1
8,Zach Ertz,PHI,157,TE22,121,291,169.2,35.8
8,Jameis Winston,NO,158,QB23,102,345,170.2,50.8
8,Trey Lance,SF,159,QB24,92,335,173.6,60.9
8,Tevin Coleman,NYJ,160,RB51,110,329,165.1,36
8,Jalen Reagor,PHI,161,WR62,101,285,173,31.5
8,Daniel Jones,NYG,162,QB25,95,284,177.7,37.5
8,Baltimore Ravens,BAL,163,DST3,134,234,158.9,15.2
8,Anthony Firkser,TEN,164,TE23,92,354,176.9,42.4
8,Jamison Crowder,NYJ,165,WR63,96,298,180.2,35.9
8,Sam Darnold,CAR,166,QB26,118,318,185.2,34.9
8,Carson Wentz,IND,167,QB27,106,284,185.6,41.2
8,Rondale Moore,ARI,168,WR64,97,349,171.1,45.6
8,Zach Wilson,NYJ,169,QB28,105,317,187.4,38.5
8,Rashaad Penny,SEA,170,RB52,126,337,181.8,32.4
8,Washington Football Team,WAS,171,DST4,140,279,163,23.6
8,Tampa Bay Buccaneers,TB,172,DST5,138,243,170.4,23.6
8,Gabriel Davis,BUF,173,WR65,86,316,186.4,37.7
8,Emmanuel Sanders,BUF,174,WR66,101,243,180.4,30.1
8,San Francisco 49ers,SF,175,DST6,124,248,171.2,19.2
8,Terrace Marshall Jr.,CAR,176,WR67,96,320,182.6,45.4
8,Bryan Edwards,LV,177,WR68,82,340,186.7,40.5
8,Justin Tucker,BAL,178,K1,123,258,174.4,11.7
8,Parris Campbell,IND,179,WR69,102,306,190.9,33
8,Rashod Bateman,BAL,180,WR70,107,366,191.1,43
8,Kenneth Gainwell,PHI,181,RB53,84,350,189.1,46.2
8,Indianapolis Colts,IND,182,DST7,145,258,177.4,23.7
8,Tre'Quan Smith,NO,183,WR71,93,276,190.3,38.5
8,Harrison Butker,KC,184,K2,132,256,181.4,12.1
8,Darrel Williams,KC,185,RB54,126,324,189.3,39.1
8,Younghoe Koo,ATL,186,K3,161,339,188.6,20.9
8,Eric Ebron,PIT,187,TE24,121,341,196.6,35.8
8,Christian Kirk,ARI,188,WR72,124,268,196.9,26.1
9,Adam Trautman,NO,189,TE25,106,369,182.4,48.2
9,Buffalo Bills,BUF,190,DST8,145,249,191.9,20.7
9,Amon-Ra St. Brown,DET,191,WR73,102,337,202,41.2
9,New England Patriots,NE,192,DST9,158,250,190.1,18.4
9,T.Y. Hilton,IND,193,WR74,95,325,189.2,46.3
9,Malcolm Brown,MIA,194,RB55,110,276,194.3,40.9
9,Greg Zuerlein,DAL,195,K4,141,261,197.9,14.3
9,Damien Williams,CHI,196,RB56,123,334,195,42.9
9,Carlos Hyde,JAC,197,RB57,122,336,189.4,43.7
9,Salvon Ahmed,MIA,198,RB58,123,327,195.5,34
9,Kansas City Chiefs,KC,199,DST10,161,286,200.8,21.9
9,A.J. Green,ARI,200,WR75,113,304,207,28.6
9,Tarik Cohen,CHI,201,RB59,80,382,189,65.8
9,New Orleans Saints,NO,202,DST11,152,320,202.7,22.5
9,Jason Sanders,MIA,203,K5,176,266,209,13.2
9,Rhamondre Stevenson,NE,204,RB60,109,366,194.2,54.6
9,Jared Goff,DET,205,QB29,113,334,232.6,45.1
9,Tyrell Williams,DET,206,WR76,97,370,204.6,54.3
9,Darius Slayton,NYG,207,WR77,147,306,214.6,27
9,Rodrigo Blankenship,IND,208,K6,177,309,224.4,20.9
9,Cleveland Browns,CLE,209,DST12,152,303,219.4,31.3
9,Miami Dolphins,MIA,210,DST13,159,329,211.2,27.8
9,Justin Jackson,LAC,211,RB61,126,331,211.3,41.8
9,Denver Broncos,DEN,212,DST14,145,307,217.2,26
9,Randall Cobb,GB,213,WR78,97,298,212.3,39.1
9,Tyler Bass,BUF,214,K7,167,346,224.3,32.3
9,Marlon Mack,IND,215,RB62,134,357,213.5,45
9,Chuba Hubbard,CAR,216,RB63,128,346,213.9,39.8
9,Chicago Bears,CHI,217,DST15,145,318,224.7,26.2
9,Los Angeles Chargers,LAC,218,DST16,159,345,221.9,22.4
9,Matt Prater,ARI,219,K8,171,330,225.6,16.2
9,Boston Scott,PHI,220,RB64,123,357,211.1,43
9,Darrynton Evans,TEN,221,RB65,146,360,217,44.1
9,Marquez Valdes-Scantling,GB,222,WR79,157,315,229.2,30
9,Robbie Gould,SF,223,K9,169,298,230.3,19.1
9,Allen Lazard,GB,224,WR80,141,298,222,29.9
9,Jason Myers,SEA,225,K10,183,283,233.5,14.3
9,Ryan Succop,TB,226,K11,176,324,230.8,24.6
9,Hayden Hurst,ATL,227,TE26,135,347,220.9,41.6
9,Mark Ingram II,HOU,228,RB66,129,355,219.9,46.8
9,Sammy Watkins,BAL,229,WR81,99,336,222.7,30.6
9,Teddy Bridgewater,DEN,230,QB30,121,356,239.5,48.6
9,Seattle Seahawks,SEA,231,DST17,159,303,241.7,22.3
9,Ty Johnson,NYJ,232,RB67,98,351,210.4,58
9,Green Bay Packers,GB,233,DST18,183,301,237.8,17.7
9,Jerick McKinnon,KC,234,RB68,130,329,231.7,44.4
9,Mason Crosby,GB,235,K12,192,309,248.2,19.3
9,Dawson Knox,BUF,236,TE27,136,319,235.5,34
9,KJ Hamler,DEN,237,WR82,133,363,235.9,30.9
9,Minnesota Vikings,MIN,238,DST19,164,318,247.3,21.8
9,Hunter Renfrow,LV,239,WR83,147,339,242.1,34.9
9,Daniel Carlson,LV,240,K13,181,308,259.1,24.6
9,Joshua Kelley,LAC,241,RB69,142,368,231.1,41
9,O.J. Howard,TB,242,TE28,132,360,250.4,38.2
10,Brandon McManus,DEN,243,K14,197,298,261.2,21.4
10,Dan Arnold,CAR,244,TE29,135,343,242.2,42.5
10,Van Jefferson,LAR,245,WR84,157,337,243.8,29.2
10,Mac Jones,NE,246,QB31,118,367,229.7,60.7
10,Chris Herndon IV,MIN,247,TE30,153,348,247.9,40.8
10,Philadelphia Eagles,PHI,248,DST20,165,317,261.9,25.1
10,Devontae Booker,NYG,249,RB70,132,349,234.1,50.5
10,Tim Patrick,DEN,250,WR85,174,348,254.8,32.6
10,Chris Boswell,PIT,251,K15,198,332,276.6,20.6
10,Josh Reynolds,TEN,252,WR86,183,330,247.9,30.9
10,Jake Elliott,PHI,253,K16,202,342,272.9,27.6
10,Nico Collins,HOU,254,WR87,148,376,248.9,45.3
10,Denzel Mims,NYJ,255,WR88,157,369,250.4,47.7
10,Wil Lutz,NO,256,K17,148,353,228.8,41.2
10,DeSean Jackson,LAR,257,WR89,158,377,252.8,30.5
10,Dustin Hopkins,WAS,258,K18,216,332,286,23.5
10,Kadarius Toney,NYG,259,WR90,160,355,266,38.1
10,Benny Snell Jr.,PIT,260,RB71,149,382,247.6,49.1
10,New York Giants,NYG,261,DST21,166,331,274.3,28.5
10,Tennessee Titans,TEN,262,DST22,200,318,277.1,24
10,Arizona Cardinals,ARI,263,DST23,176,330,276.4,32.4
10,Josh Lambo,JAC,264,K19,179,339,292,21.8
10,Taysom Hill,NO,265,QB32,116,373,300.1,43.9
10,Wayne Gallman Jr.,ATL,266,RB72,132,378,236,56.7
10,Jimmy Garoppolo,SF,267,QB33,151,385,294.8,45.5
10,Matt Gay,LAR,268,K20,195,347,262.8,37.9
10,Jimmy Graham,CHI,269,TE31,142,344,272.2,34.8
10,Anthony Miller,HOU,270,WR91,194,379,255.5,37.9
10,Samaje Perine,CIN,271,RB73,143,346,249,51.2
10,John Brown,FA,272,WR92,129,390,214.9,60.4
10,Jack Doyle,IND,273,TE32,172,371,268.7,35.8
10,Anthony McFarland Jr.,PIT,274,RB74,181,388,271,40.8
10,New York Jets,NYJ,275,DST24,201,347,294.8,24
10,Justice Hill,BAL,276,RB75,121,360,268.9,59.8
10,James Washington,PIT,277,WR93,216,383,270.2,26.9
10,Matt Breida,BUF,278,RB76,168,368,266.8,41.7
10,Ka'imi Fairbairn,HOU,279,K21,215,353,283.3,35.1
10,Dallas Cowboys,DAL,280,DST25,211,341,300.4,23.4
10,Quintez Cephus,DET,281,WR94,165,361,274.3,36.2
10,La'Mical Perine,NYJ,282,RB77,177,368,265.9,44.2
10,Amari Rodgers,GB,283,WR95,174,382,277.1,38.8
10,Graham Gano,NYG,284,K22,222,353,297.3,26.4
10,Jeff Wilson Jr.,SF,285,RB78,146,380,262.3,54.8
10,Kendrick Bourne,NE,286,WR96,151,372,280.8,38.1
10,Jacksonville Jaguars,JAC,287,DST26,213,347,312.3,19.7
10,Rashard Higgins,CLE,288,WR97,216,377,282.2,30.8
10,Donovan Peoples-Jones,CLE,289,WR98,147,380,280.3,44.8
10,Dyami Brown,WAS,290,WR99,157,378,261.6,51.1
10,Breshad Perriman,CHI,291,WR100,129,384,238.6,57
10,Michael Badgley,FA,292,K23,198,326,250.5,21
10,Keelan Cole Sr.,NYJ,293,WR101,178,409,278.1,44.2
10,Tyrod Taylor,HOU,294,QB34,153,385,288.3,48.5
10,Zach Pascal,IND,295,WR102,127,377,275.8,41.3
10,Drew Lock,DEN,296,QB35,178,383,322,36.8
10,Kyle Rudolph,NYG,297,TE33,209,393,296.3,33.3
10,D'Wayne Eskridge,SEA,298,WR103,173,364,279.3,43.4
10,Dalton Schultz,DAL,299,TE34,127,359,271.5,39
10,Pat Freiermuth,PIT,300,TE35,139,391,271.8,57.5
10,Atlanta Falcons,ATL,301,DST27,229,355,318.9,18.8
10,Carolina Panthers,CAR,302,DST28,207,341,296,29.8
10,Preston Williams,MIA,303,WR104,201,383,280.8,41.3
10,DeeJay Dallas,SEA,304,RB79,187,365,299,32
11,Ty'Son Williams,BAL,305,RB80,110,392,195.2,59.3
11,Mo Alie-Cox,IND,306,TE36,161,357,267.8,48.8
11,Joey Slye,FA,307,K24,213,353,276.1,22.6
11,Jalen Richard,LV,308,RB81,188,388,288.8,34.6
11,Ke'Shawn Vaughn,TB,309,RB82,156,386,285.3,46
11,Andy Dalton,CHI,310,QB36,167,385,328.5,35.9
11,Josh Palmer,LAC,311,WR105,137,372,262.1,54
11,Rex Burkhead,HOU,312,RB83,168,393,296.8,35.5
11,N'Keal Harry,NE,313,WR106,222,392,297.6,35.3
11,Deshaun Watson,HOU,314,QB37,111,395,307.8,62.1
11,Cairo Santos,CHI,315,K25,210,342,298.8,27.4
11,Tony Jones Jr.,NO,316,RB84,123,393,230.9,72.1
11,Jordan Akins,HOU,317,TE37,133,370,269.1,49.5
11,Scotty Miller,TB,318,WR107,229,390,314.4,33.4
11,Kalen Ballage,PIT,319,RB85,199,370,313,30.3
11,Donald Parham Jr.,LAC,320,TE38,163,360,284.6,41.1
11,Eno Benjamin,ARI,321,RB86,199,388,312,33.9
11,Tyler Conklin,MIN,322,TE39,138,389,263.6,58.2
11,Keke Coutee,IND,323,WR108,220,393,288.7,29.8
11,Ian Thomas,CAR,324,TE40,226,381,305.4,34.9
11,Cam Newton,FA,325,QB38,114,387,294.1,64.8
11,Austin Seibert,DET,326,K26,213,353,309.6,23.9
11,Demarcus Robinson,KC,327,WR109,152,382,279,52.5
11,Byron Pringle,KC,328,WR110,148,393,279.1,54
11,Will Dissly,SEA,329,TE41,209,389,303.2,32.7
11,Larry Rountree III,LAC,330,RB87,132,393,293,60.4
11,Jermar Jefferson,DET,331,RB88,190,380,315.3,37.2
11,Jordan Wilkins,IND,332,RB89,277,392,329.6,27.8
11,Tyron Johnson,JAC,333,WR111,242,382,305.9,29.3
11,Olamide Zaccheaus,ATL,334,WR112,158,375,275.3,47.8
11,Andy Isabella,ARI,335,WR113,257,418,324.9,33.5
11,Greg Ward,PHI,336,WR114,242,390,322.4,33.1
11,Travis Fulgham,PHI,337,WR115,212,376,303.4,32.4
11,C.J. Uzomah,CIN,338,TE42,163,352,276.2,45
11,Quez Watkins,PHI,339,WR116,169,375,254.7,56.9
11,Qadree Ollison,FA,340,RB90,146,370,256.7,64.4
11,Harrison Bryant,CLE,341,TE43,233,388,321.5,33.1
11,David Njoku,CLE,342,TE44,236,383,325.1,33.1
11,Javian Hawkins,TEN,343,RB91,143,393,292.7,53.6
11,Jordan Howard,PHI,344,RB92,227,392,315,32.3
11,Stephen Gostkowski,FA,345,K27,230,353,306.7,19.7
11,Jake Funk,LAR,346,RB93,187,393,297.6,41
11,Chris Evans,CIN,347,RB94,187,392,293.3,58.1
11,Miles Boykin,BAL,348,WR117,269,396,333.1,28.4
11,Tyler Kroft,NYJ,349,TE45,136,391,280.8,72.3
11,Jalen Guyton,LAC,350,WR118,216,387,317.2,46.8
11,Drew Sample,CIN,351,TE46,230,394,329.1,41.4
11,Jaret Patterson,WAS,352,RB95,188,368,289.1,48.4
11,Elijah Mitchell,SF,353,RB96,185,386,301.4,54.4
11,Kerryon Johnson,FA,354,RB97,177,388,283.9,48.8
11,Adam Humphries,WAS,355,WR119,182,378,291.9,48.7
11,Cody Parkey,CLE,356,K28,245,353,309.6,24
11,Evan McPherson,CIN,357,K29,222,353,304.8,29.6
12,Zane Gonzalez,DET,358,K30,217,332,266.9,46.4
12,Xavier Jones,FA,359,RB98,152,380,267.4,62.3
12,Kylin Hill,GB,360,RB99,185,388,302,51.9
12,Albert Okwuegbunam,DEN,361,TE47,197,384,331.5,32
12,Peyton Barber,LV,362,RB100,259,393,333,32.8
12,Houston Texans,HOU,363,DST29,276,355,322.6,20.2
12,Todd Gurley II,FA,364,RB101,170,386,308.4,49.7
12,Juwan Johnson,NO,365,TE48,142,458,274.8,74
12,Tutu Atwell,LAR,366,WR120,228,384,323.5,44.2
12,Las Vegas Raiders,LV,367,DST30,266,355,331.2,20.9
12,John Ross,NYG,368,WR121,293,661,345,50.1
12,Deonte Harris,NO,369,WR122,208,378,301,47.1
12,Le'Veon Bell,FA,370,RB102,184,386,302.4,44.5
12,Mike Boone,DEN,371,RB103,199,392,329.3,41.6
12,Cincinnati Bengals,CIN,372,DST31,280,355,332.6,16.4
12,Royce Freeman,CAR,373,RB104,195,396,333.7,39.8
12,Duke Johnson Jr.,FA,374,RB105,186,378,318.2,38.3
12,Detroit Lions,DET,375,DST32,300,355,335.4,17.2
12,Cordarrelle Patterson,ATL,376,WR123,203,379,330.7,42.6
12,Ito Smith,FA,377,RB106,252,387,332.8,27.9
12,Dare Ogunbowale,JAC,378,RB107,237,386,318.9,36.7
12,Cameron Brate,TB,379,TE49,260,394,349.4,27.4
12,Tylan Wallace,BAL,380,WR124,268,480,338.5,40.6
12,Khalil Herbert,CHI,381,RB108,234,392,326.3,41.2
12,Greg Joseph,MIN,382,K31,253,342,309.4,21.6
12,Davis Mills,HOU,383,QB39,237,397,352.9,30.1
12,Chase McLaughlin,CLE,384,K32,247,353,298.2,30.3
12,Adrian Peterson,FA,385,RB109,237,383,322.4,30.6
12,Tyler Johnson,TB,386,WR125,265,518,339.2,50.8
12,Chris Conley,HOU,387,WR126,206,395,295.7,59.6
12,Sam Sloman,PIT,388,K33,276,342,315.4,17
12,Brevin Jordan,HOU,389,TE50,289,463,349.5,33.7
12,Dan Bailey,FA,390,K34,233,353,298.8,26.2
12,Auden Tate,CIN,391,WR127,256,384,330.8,38.9
12,Devin Duvernay,BAL,392,WR128,216,393,344.3,38.1
12,Jacob Hollister,JAC,393,TE51,227,389,331.3,39.6
12,Nick Folk,NE,394,K35,276,351,312.5,20.7
12,Dede Westbrook,MIN,395,WR129,263,395,329.4,39.4
12,James O'Shaughnessy,JAC,396,TE52,267,391,340.7,32.2
12,Alex Collins,SEA,397,RB110,162,391,279.6,64
12,Foster Moreau,LV,398,TE53,244,398,351.4,39
12,Sam Ficken,TEN,399,K36,251,353,299.4,26.5
12,Ryan Santoso,CAR,400,K37,248,342,302.7,28.4
12,Taylor Heinicke,WAS,401,QB40,284,399,358.7,30.6
12,Maxx Williams,ARI,402,TE54,257,391,336.4,40.8
12,Kylen Granson,IND,403,TE55,234,517,337.7,54.6
12,Quinn Nordin,NE,404,K38,227,342,293,28.3
12,Steven Sims Jr.,PIT,405,WR130,265,387,330.1,35.9
12,Tristan Vizcaino,LAC,406,K39,227,353,285.8,32.1
12,Randy Bullock,FA,407,K40,239,342,314,25
12,Jacob Harris,LAR,408,TE56,244,453,347.5,42
12,Chris Thompson,FA,409,RB111,307,393,339,22.9
12,Albert Wilson,MIA,410,WR131,269,655,354.2,65.8
12,Jacob Eason,IND,411,QB41,308,409,358.5,26.6
12,Gardner Minshew II,PHI,412,QB42,328,394,360,20.7
12,Geoff Swaim,TEN,413,TE57,291,395,359.3,23.2
12,Kyle Juszczyk,SF,414,RB112,235,407,304.4,50.6
12,Matt Ammendola,NYJ,415,K41,297,353,325.7,16.3
12,J.J. Taylor,NE,416,RB113,231,402,312.9,47.3
12,Jordan Love,GB,417,QB43,324,412,359.5,22.6
12,Cam Sims,WAS,418,WR132,270,404,353.3,35.5
12,Collin Johnson,NYG,419,WR133,265,395,346.2,36.2
12,Jalen Hurd,SF,420,WR134,269,396,346.9,42.8
12,Damiere Byrd,CHI,421,WR135,226,400,335,51.8
12,Nick Boyle,BAL,422,TE58,296,414,362.3,26.4
12,Kene Nwangwu,MIN,423,RB114,295,436,352.2,31.7
12,Travis Homer,SEA,424,RB115,312,418,347.4,28.8
12,JaMycal Hasty,SF,425,RB116,274,438,333.8,42
12,Ihmir Smith-Marsette,MIN,426,WR136,240,503,351.6,59
12,Isaiah McKenzie,BUF,427,WR137,244,410,353.9,38.8
12,Antonio Gandy-Golden,WAS,428,WR138,286,422,355,28.8
12,Freddie Swain,SEA,429,WR139,285,618,355.7,71.4
12,Golden Tate,FA,430,WR140,223,403,308.6,51.8
13,Dez Fitzpatrick,TEN,431,WR141,214,401,313.8,56.4
13,Marcus Mariota,LV,432,QB44,297,433,359.6,32.2
13,Tyler Eifert,FA,433,TE59,282,413,327.7,42.5
13,Danny Amendola,FA,434,WR142,286,420,339.3,33
13,Mohamed Sanu,SF,435,WR143,268,415,340.5,35.9
13,Willie Snead IV,LV,436,WR144,298,405,359.2,30.5
13,Cedrick Wilson,DAL,437,WR145,297,416,353.2,29.6
13,Kalif Raymond,DET,438,WR146,240,423,339.2,51
13,Devine Ozigbo,JAC,439,RB117,271,437,340.6,39
13,Hunter Long,MIA,440,TE60,317,411,359.5,21.3
13,Darren Fells,DET,441,TE61,260,426,350.5,42.2
13,Larry Fitzgerald,FA,442,WR147,263,424,331,41.6
13,Cornell Powell,KC,443,WR148,265,466,346.7,54.9
13,Anthony Schwartz,CLE,444,WR149,322,648,384.5,72.6
13,Marquise Goodwin,CHI,445,WR150,289,666,378.8,84.6
13,Mitchell Trubisky,BUF,446,QB45,326,446,360.6,32.8
13,Trayveon Williams,CIN,447,RB118,223,419,324.3,52.7
13,Darwin Thompson,TB,448,RB119,273,432,343.7,44.8
13,David Moore,LV,449,WR151,234,408,332.1,55.5
13,Jeremy McNichols,TEN,450,RB120,306,447,360.7,36.9
13,Lil'Jordan Humphrey,NO,451,WR152,279,425,344.3,46.6
13,Alshon Jeffery,FA,452,WR153,271,440,347.2,40
13,Bryce Love,FA,453,RB121,310,430,354.4,33
13,Jace Sternberger,GB,454,TE62,316,429,352.5,29.6
13,Devonta Freeman,FA,455,RB122,305,443,352.6,42.4
13,Noah Gray,KC,456,TE63,250,449,354,56.9
13,Gerrid Doaks,MIA,457,RB123,316,456,360.6,37.1
13,Brycen Hopkins,LAR,458,TE64,321,428,363,29.8
13,Patrick Ricard,BAL,459,RB124,264,477,335.8,60.9
13,Ty Montgomery,NO,460,RB125,296,444,351.2,43.4
13,D'Ernest Johnson,CLE,461,RB126,322,448,367.4,35.8
13,Tommy Tremble,CAR,462,TE65,267,439,341.8,48.8
13,Nick Vannett,NO,463,TE66,340,462,377.9,31.8
13,Gary Brightwell,NYG,464,RB127,329,494,379.8,43.8
13,Pharaoh Brown,HOU,465,TE67,282,463,351.1,54.6
13,Keith Smith,ATL,466,RB128,296,466,353.8,52.4
13,Mekhi Sargent,TEN,467,RB129,259,561,358.8,87.9
13,Tucker McCann,TEN,468,K42,272,353,325.3,24.9
13,Ryan Griffin,NYJ,469,TE68,315,453,366.9,38.8
13,C.J. Ham,MIN,470,RB130,236,451,329.9,67.1
13,Braxton Berrios,NYJ,471,WR154,339,452,373.5,31.9
13,Alec Ingold,LV,472,RB131,277,475,359.9,61.1
13,Trent Sherfield,SF,473,WR155,265,501,378,79.8
13,Kelvin Harmon,WAS,474,WR156,311,487,384.3,53
13,Frank Darby,ATL,475,WR157,341,464,388.7,40.7
13,Chad Beebe,FA,476,WR158,309,441,361.3,42.7
13,Khari Blasingame,TEN,477,RB132,316,505,368,64.4
13,K.J. Osborn,MIN,478,WR159,348,512,410.7,60.4
13,Chris Manhertz,JAC,479,TE69,290,469,378,52
13,LeSean McCoy,FA,480,RB133,345,510,384.5,57.3
13,Zay Jones,LV,481,WR160,315,457,385.3,53.1
13,Kahale Warring,BUF,482,TE70,269,434,340,56.1
13,Richard Rodgers,FA,483,TE71,294,474,358.8,63.4
13,Dazz Newsome,CHI,484,WR161,286,653,407.8,123.2
13,Richie James Jr.,SF,485,WR162,315,471,367.8,57
13,Andre Roberts,HOU,486,WR163,268,516,369.8,81.1
13,Corey Clement,DAL,487,RB134,289,508,373.4,77
13,Shi Smith,CAR,488,WR164,313,493,380.8,63.6
13,Kenny Stills,BUF,489,WR165,343,459,381,42.3
13,Christian Blake,ATL,490,WR166,329,486,382.8,55.6
13,Jaelon Darden,TB,491,WR167,321,652,429,111.1
13,Ross Dwelley,SF,492,TE72,327,467,386.2,45.7
13,Marcedes Lewis,GB,493,TE73,334,492,390.4,54.6
13,Ameer Abdullah,MIN,494,RB135,356,473,391.2,42.5
13,Darrell Daniels,ARI,495,TE74,357,472,396.4,39.4
13,Andy Janovich,CLE,496,RB136,312,592,397,100
13,Dwayne Haskins,PIT,497,QB46,352,520,399,61.2
13,Elijhaa Penny,NYG,498,RB137,289,386,343,34.8
13,Jaylen Samuels,PIT,499,RB138,256,535,344.8,112
13,Equanimeous St. Brown,GB,500,WR168,331,489,404.8,59.7
13,Cameron Batson,TEN,501,WR169,265,450,348,66.5
13,Mike Strachan,IND,502,WR170,262,570,406,108.5
13,Jakeem Grant Sr.,MIA,503,WR171,301,454,352.5,61.3
13,Trey Burton,FA,504,TE75,190,479,355.8,105
13,D'Onta Foreman,FA,505,RB139,292,461,360,70.8
13,Aldrick Rosas,FA,506,K43,178,353,272,72
13,Blake Bell,KC,507,TE76,238,484,362.5,87.3
13,Michael Burton,KC,508,RB140,280,500,364.5,83.9
13,Frank Gore,FA,509,RB141,288,460,365,62.1
13,Demetric Felton,CLE,510,WR172,297,442,366.5,55.7
13,Tre Harbison,CLE,511,RB142,278,518,371.8,89.7
13,Durham Smythe,MIA,512,TE77,285,488,379.5,72.3
13,Josh Oliver,BAL,513,TE78,366,543,433,67.3
13,Luke Farrell,JAC,514,TE79,345,578,435,95.4
13,Kenny Yeboah,NYJ,515,TE80,344,569,436,100.9
14,J.J. Arcega-Whiteside,PHI,516,WR173,344,458,389.8,42.5
14,Tre' McKitty,LAC,517,TE81,354,465,390.3,43.8
14,Kellen Mond,MIN,518,QB47,312,511,392.3,73.2
14,Marquez Stevenson,BUF,519,WR174,338,672,448.4,116.8
14,Jamal Agnew,JAC,520,WR175,333,517,394.3,72.6
14,Simi Fehoko,DAL,521,WR176,351,650,448.2,110.5
14,Hunter Bryant,DET,522,TE82,350,490,399.3,53.7
14,Raymond Calais,LAR,523,RB143,321,544,402,85
14,Phillip Walker,CAR,524,QB48,331,513,406.5,66.3
14,Tavon Austin,JAC,525,WR177,366,504,406.8,56.4
14,Andrew Jacas,SF,526,K44,326,347,336.3,8.6
14,Nick Foles,CHI,527,QB49,354,522,410.5,65.9
14,Trenton Cannon,FA,528,RB144,207,480,337.7,111.8
14,Brandon Bolden,NE,529,RB145,357,546,414.8,76.3
14,Adam Shaheen,MIA,530,TE83,284,464,355.3,78.1
14,Jakob Johnson,NE,531,RB146,195,491,357.7,122.6
14,Tim Tebow,JAC,532,TE84,246,498,358.3,104.7
14,Otis Anderson Jr.,LAR,533,RB147,227,541,363,131.6
14,Tommy Sweeney,BUF,534,TE85,367,506,436.5,68
14,Theo Riddick,LV,535,RB148,277,576,383,136.7
14,Patrick Laird,MIA,536,RB149,280,582,383.7,140.3
14,Dedrick Mills,FA,537,RB150,295,526,393.3,97.4
14,Pooka Williams Jr.,CIN,538,RB151,336,512,394.7,83
14,Gunner Olszewski,NE,539,WR178,347,495,399.7,67.5
14,Noah Brown,DAL,540,WR179,342,635,468.3,113.2
14,Reggie Gilliam,BUF,541,RB152,349,536,413.3,86.8
14,Jonathan Ward,ARI,542,RB153,362,509,415,66.7
14,KhaDarel Hodge,DET,543,WR180,317,549,417,97.4
14,Jacoby Brissett,MIA,544,QB50,387,487,423.7,45
14,K.J. Hill Jr.,LAC,545,WR181,369,532,425,75.7
14,Ray-Ray McCloud,PIT,546,WR182,328,501,430.3,74.1
14,Isaiah Coulter,CHI,547,WR183,271,532,435,116.6
14,Cade Johnson,SEA,548,WR184,373,530,435.3,68
14,Geronimo Allison,FA,549,WR185,371,654,492,122.4
14,Antonio Callaway,FA,550,WR186,384,527,440.7,62
14,Javon Wims,FA,551,WR187,372,579,442.3,96.7
14,T.J. Yeldon,FA,552,RB154,336,359,347.5,11.5
14,Jaeden Graham,ATL,553,TE86,360,548,444.3,78
14,Johnny Mundt,LAR,554,TE87,247,468,357.5,110.5
14,Alex Armah Jr.,NO,555,RB155,203,523,363,160
14,Nate McCrary,DEN,556,RB156,347,392,369.5,22.5
14,Trey Ragas,LV,557,RB157,379,386,382.5,3.5
14,Jauan Jennings,SF,558,WR188,287,597,466.3,131.2
14,Justin Watson,TB,559,WR189,349,571,467,91.2
14,Phillip Dorsett II,JAC,560,WR190,326,455,390.5,64.5
14,Ben Skowronek,LAR,561,WR191,377,573,474.3,80
14,Marcus Kemp,KC,562,WR192,384,604,474.3,94
14,Malcolm Perry,NE,563,WR193,377,429,403,26
14,Trinity Benson,DET,564,WR194,362,600,480,97.2
14,Chris Rowland,FA,565,WR195,376,446,411,35
14,Charlie Woerner,SF,566,TE88,339,596,485.3,107.9
14,John Hightower,PHI,567,WR196,354,481,417.5,63.5
14,Sam Ehlinger,IND,568,QB51,320,538,429,109
14,Chris Hogan,FA,569,WR197,357,507,432,75
14,Devin Funchess,FA,570,WR198,236,669,452.5,216.5
14,Ricky Seals-Jones,WAS,571,TE89,360,525,442.5,82.5
14,Tajae Sharpe,ATL,572,WR199,392,499,445.5,53.5
14,John Bates,WAS,573,TE90,369,528,448.5,79.5
14,Mike Thomas,CIN,574,WR200,373,595,510,97.8
14,James Proche,BAL,575,WR201,359,540,449.5,90.5
14,Brandon Zylstra,CAR,576,WR202,367,675,525.3,125.9
14,Kevin White,NO,577,WR203,346,615,513.7,119.4
14,Lee Smith,ATL,578,TE91,386,524,455,69
14,Jared Pinkney,DET,579,TE92,342,570,456,114
14,Lamar Miller,WAS,580,RB158,331,584,457.5,126.5
14,Derek Carrier,LV,581,TE93,338,577,457.5,119.5
14,Zach Gentry,PIT,582,TE94,373,542,457.5,84.5
14,Seth Williams,DEN,583,WR204,392,647,522.7,104.2
14,Trevon Wesco,NYJ,584,TE95,393,531,462,69
14,Stephen Anderson,LAC,585,TE96,379,552,465.5,86.5
14,Daniel Brown,NYJ,586,TE97,399,533,466,67
14,Eric Saubert,DEN,587,TE98,375,559,467,92
14,Ashton Dulin,IND,588,WR205,387,547,467,80
14,Cethan Carter,MIA,589,TE99,390,550,470,80
14,Nick Bowers,LV,590,TE100,404,537,470.5,66.5
14,Devin Asiasi,NE,591,TE101,427,514,470.5,43.5
14,Mason Rudolph,PIT,592,QB52,387,555,471,84
14,DaeSean Hamilton,DEN,593,WR206,356,588,472,116
14,Jeremy Sprinkle,DAL,594,TE102,364,590,477,113
14,Garrett Griffin,NO,595,TE103,410,554,482,72
14,Daurice Fountain,KC,596,WR207,412,553,482.5,70.5
14,Jake Kumerow,BUF,597,WR208,353,663,543.3,136.1
14,Malik Taylor,GB,598,WR209,356,659,543.7,133.9
14,KeeSean Johnson,PHI,599,WR210,428,545,486.5,58.5
14,J.P. Holtz,CHI,600,TE104,408,568,488,80
14,Ryan Izzo,NYG,601,TE105,395,585,490,95
14,Kaden Smith,NYG,602,TE106,445,539,492,47
14,Diontae Spencer,DEN,603,WR211,433,556,494.5,61.5
15,Nick Westbrook-Ikhine,TEN,604,WR212,390,642,545.7,111.1
15,Rodney Adams,CHI,605,WR213,368,681,524.5,156.5
15,Chad Henne,KC,606,QB53,381,622,501.5,120.5
15,Alex Erickson,FA,607,WR214,405,600,502.5,97.5
15,Charlie Taumoepeau,DET,608,TE107,439,574,506.5,67.5
15,Joe Reed,LAC,609,WR215,456,563,509.5,53.5
15,Thaddeus Moss,CIN,610,TE108,454,566,510,56
15,Brandon Dillon,MIN,611,TE109,467,558,512.5,45.5
15,Tyler Huntley,BAL,612,QB54,397,630,513.5,116.5
15,Dominique Dafney,GB,613,TE110,450,581,515.5,65.5
15,Mitchell Wilcox,CIN,614,TE111,457,575,516,59
15,Mason Schreck,CIN,615,TE112,459,578,518.5,59.5
15,Dalton Keene,NE,616,TE113,443,599,521,78
15,Colin Thompson,CAR,617,TE114,471,583,527,56
15,Giovanni Ricci,CAR,618,TE115,482,587,534.5,52.5
15,DeAndre Carter,WAS,619,WR216,483,586,534.5,51.5
15,Farrod Green,IND,620,TE116,520,564,542,22
15,Chris Moore,FA,621,WR217,534,551,542.5,8.5
15,Trishton Jackson,MIN,622,WR218,472,618,545,73
15,Sammis Reyes,WAS,623,TE117,499,591,545,46
15,Dan Chisena,MIN,624,WR219,505,589,547,42
15,Kendall Hinton,DEN,625,WR220,500,595,547.5,47.5
15,Colby Parkinson,SEA,626,TE118,531,565,548,17
15,Riley Ridley,FA,627,WR221,477,621,549,72
15,Nsimba Webster,CHI,628,WR222,523,594,558.5,35.5
15,Jack Stoll,PHI,629,TE119,524,597,560.5,36.5
15,Sage Surratt,DET,630,WR223,497,686,591.5,94.5
15,Jesper Horsted,CHI,631,TE120,529,602,565.5,36.5
15,Dax Milne,WAS,632,WR224,536,603,569.5,33.5
15,Chester Rogers,TEN,633,WR225,574,593,583.5,9.5
16,Sean McKeon,DAL,634,TE121,562,609,585.5,23.5
16,Trent Taylor,CIN,635,WR226,552,631,591.5,39.5
16,Dezmon Patmon,IND,636,WR227,572,612,592,20
16,T.J. Vasher,DAL,637,WR228,581,607,594,13
16,Penny Hart,SEA,638,WR229,598,606,602,4
16,Stephen Guidry,DAL,639,WR230,593,613,603,10
16,Racey McMath,TEN,640,WR231,601,606,603.5,2.5
16,Marcus Johnson,TEN,641,WR232,598,629,613.5,15.5
16,D.J. Montgomery,NYJ,642,WR233,596,700,648,52
16,Stanley Morgan Jr.,CIN,643,WR234,608,670,639,31
16,Antoine Wesley,ARI,644,WR235,611,633,622,11
16,Jeff Smith,NYJ,645,WR236,617,651,634,17
16,Tom Kennedy,DET,646,WR237,619,684,651.5,32.5
16,Dante Pettis,NYG,647,WR238,632,656,644,12
